<manifest><control namespace="AllStyleTextControl" constructor="AllStyleTextControl" version="0.0.39" display-name-key="AllStyleTextControl" description-key="AllStyleTextControl description" control-type="standard" api-version="1.3.11"><external-service-usage enabled="false" /><property name="AllStyleInputTextField" display-name-key="Text Field" description-key="All Style Text Field" of-type-group="text" usage="bound" required="true" /><property name="style" display-name-key="Style" description-key="Style for the field" of-type="SingleLine.TextArea" usage="input" required="false" default-value="background-color: white;" /><property name="class" display-name-key="Class" description-key="Class for the field" of-type="SingleLine.TextArea" usage="input" required="false" default-value="pcfDefault" /><type-group name="text"><type>SingleLine.TextArea</type><type>SingleLine.Text</type></type-group><resources><code path="bundle.js" order="1" /><css path="css/AllStyleTextControl.css" order="2" /></resources><built-by name="pac" version="1.31.2" /></control></manifest>